{"nodes":[{"id":0,"label":"A","x":-134,"y":-39},{"id":1,"label":"B","x":-132,"y":13},{"id":2,"label":"C","x":-33,"y":108},{"id":3,"label":"D","x":21,"y":108},{"id":4,"label":"E","x":117,"y":-65},{"id":5,"label":"F","x":119,"y":-112},{"id":6,"label":"G","x":-81,"y":-25},{"id":7,"label":"H","x":-13,"y":35},{"id":8,"label":"I","x":26,"y":-25}],"edges":[{"from":0,"to":6,"weight":1},{"from":0,"to":8,"weight":1},{"from":0,"to":4,"weight":1},{"from":1,"to":6,"weight":1},{"from":1,"to":7,"weight":1},{"from":1,"to":2,"weight":1},{"from":1,"to":4,"weight":1},{"from":2,"to":7,"weight":1},{"from":2,"to":6,"weight":1},{"from":2,"to":4,"weight":1},{"from":2,"to":5,"weight":1},{"from":3,"to":7,"weight":1},{"from":3,"to":8,"weight":1},{"from":3,"to":0,"weight":1},{"from":4,"to":8,"weight":1},{"from":5,"to":8,"weight":1}],"directed":false,"weighted":false}