{"nodes":[{"id":0,"label":"A","x":-65,"y":-175},{"id":1,"label":"B","x":-250,"y":3},{"id":2,"label":"C","x":-248,"y":45},{"id":3,"label":"D","x":251,"y":-20},{"id":4,"label":"E","x":249,"y":-61},{"id":5,"label":"F","x":-22,"y":-110},{"id":6,"label":"G","x":-136,"y":-25},{"id":7,"label":"H","x":121,"y":6}],"edges":[{"from":0,"to":5,"weight":1},{"from":0,"to":3,"weight":1},{"from":1,"to":6,"weight":1},{"from":0,"to":6,"weight":1},{"from":1,"to":7,"weight":1},{"from":2,"to":6,"weight":1},{"from":3,"to":7,"weight":1},{"from":4,"to":7,"weight":1},{"from":4,"to":5,"weight":1}],"directed":false,"weighted":false}