{"nodes":[{"id":0,"label":"BAY","x":-22,"y":162},{"id":1,"label":"NRW","x":-185,"y":1},{"id":2,"label":"BW","x":-116,"y":191},{"id":3,"label":"SAA","x":-12,"y":-22},{"id":4,"label":"BR","x":-135,"y":-104},{"id":5,"label":"SA","x":-199,"y":141},{"id":6,"label":"SH","x":-110,"y":-204},{"id":7,"label":"NIS","x":-84,"y":-41},{"id":8,"label":"BRA","x":27,"y":-93},{"id":9,"label":"HA","x":-81,"y":-137},{"id":10,"label":"SAC","x":56,"y":29},{"id":11,"label":"THÜ","x":-40,"y":44},{"id":12,"label":"BER","x":60,"y":-61},{"id":13,"label":"RP","x":-190,"y":92},{"id":14,"label":"HE","x":-117,"y":60},{"id":15,"label":"MV","x":29,"y":-159}],"edges":[{"from":0,"to":2,"weight":1},{"from":0,"to":14,"weight":1},{"from":0,"to":11,"weight":1},{"from":0,"to":10,"weight":1},{"from":2,"to":14,"weight":1},{"from":2,"to":13,"weight":1},{"from":5,"to":13,"weight":1},{"from":14,"to":13,"weight":1},{"from":14,"to":1,"weight":1},{"from":14,"to":7,"weight":1},{"from":14,"to":11,"weight":1},{"from":11,"to":7,"weight":1},{"from":11,"to":3,"weight":1},{"from":11,"to":10,"weight":1},{"from":10,"to":8,"weight":1},{"from":10,"to":3,"weight":1},{"from":1,"to":7,"weight":1},{"from":1,"to":13,"weight":1},{"from":7,"to":4,"weight":1},{"from":7,"to":9,"weight":1},{"from":7,"to":6,"weight":1},{"from":7,"to":3,"weight":1},{"from":3,"to":8,"weight":1},{"from":8,"to":12,"weight":1},{"from":8,"to":7,"weight":1},{"from":8,"to":15,"weight":1},{"from":15,"to":7,"weight":1},{"from":15,"to":6,"weight":1},{"from":6,"to":9,"weight":1}],"directed":false,"weighted":false}