{"nodes":[{"id":0,"label":"Italienisch","x":-173,"y":-89},{"id":1,"label":"Geschichte","x":54,"y":-92},{"id":2,"label":"Philosophie","x":-58,"y":122},{"id":3,"label":"Französisch","x":-175,"y":60},{"id":4,"label":"Englisch","x":-64,"y":-23},{"id":5,"label":"Mathematik","x":-301,"y":-19},{"id":6,"label":"Spanisch","x":-52,"y":-161},{"id":7,"label":"Chemie","x":57,"y":56}],"edges":[{"from":3,"to":5,"weight":1},{"from":3,"to":2,"weight":1},{"from":3,"to":4,"weight":1},{"from":3,"to":0,"weight":1},{"from":3,"to":7,"weight":1},{"from":5,"to":4,"weight":1},{"from":5,"to":0,"weight":1},{"from":1,"to":0,"weight":1},{"from":1,"to":6,"weight":1},{"from":1,"to":7,"weight":1},{"from":2,"to":7,"weight":1},{"from":4,"to":0,"weight":1},{"from":0,"to":6,"weight":1}],"directed":false,"weighted":false}