{"nodes":[{"id":0,"label":"GR","x":230,"y":3},{"id":1,"label":"LU","x":-29,"y":-81},{"id":2,"label":"NE","x":-247,"y":-73},{"id":3,"label":"GE","x":-362,"y":117},{"id":4,"label":"SZ","x":84,"y":-90},{"id":5,"label":"VS","x":-118,"y":123},{"id":6,"label":"TI","x":86,"y":92},{"id":7,"label":"AI","x":195,"y":-158},{"id":8,"label":"ZG","x":42,"y":-115},{"id":9,"label":"UR","x":56,"y":-10},{"id":10,"label":"TG","x":134,"y":-224},{"id":11,"label":"NW","x":30,"y":-58},{"id":12,"label":"OW","x":-5,"y":-36},{"id":13,"label":"SH","x":44,"y":-253},{"id":14,"label":"BL","x":-79,"y":-184},{"id":15,"label":"GL","x":135,"y":-77},{"id":16,"label":"SG","x":181,"y":-102},{"id":17,"label":"BS","x":-107,"y":-225},{"id":18,"label":"BE","x":-78,"y":-16},{"id":19,"label":"ZH","x":74,"y":-184},{"id":20,"label":"SO","x":-105,"y":-159},{"id":21,"label":"AG","x":-3,"y":-170},{"id":22,"label":"AR","x":170,"y":-167},{"id":23,"label":"VD","x":-317,"y":23},{"id":24,"label":"FR","x":-183,"y":-15},{"id":25,"label":"JU","x":-188,"y":-165}],"edges":[{"from":3,"to":23,"weight":1},{"from":23,"to":5,"weight":1},{"from":23,"to":24,"weight":1},{"from":23,"to":2,"weight":1},{"from":2,"to":18,"weight":1},{"from":2,"to":25,"weight":1},{"from":18,"to":24,"weight":1},{"from":23,"to":18,"weight":1},{"from":5,"to":18,"weight":1},{"from":5,"to":9,"weight":1},{"from":5,"to":6,"weight":1},{"from":6,"to":9,"weight":1},{"from":6,"to":0,"weight":1},{"from":12,"to":18,"weight":1},{"from":12,"to":1,"weight":1},{"from":12,"to":11,"weight":1},{"from":11,"to":18,"weight":1},{"from":11,"to":9,"weight":1},{"from":11,"to":4,"weight":1},{"from":11,"to":1,"weight":1},{"from":9,"to":18,"weight":1},{"from":9,"to":0,"weight":1},{"from":9,"to":15,"weight":1},{"from":9,"to":4,"weight":1},{"from":0,"to":15,"weight":1},{"from":0,"to":16,"weight":1},{"from":15,"to":16,"weight":1},{"from":15,"to":4,"weight":1},{"from":16,"to":7,"weight":1},{"from":16,"to":22,"weight":1},{"from":22,"to":7,"weight":1},{"from":16,"to":10,"weight":1},{"from":16,"to":19,"weight":1},{"from":16,"to":4,"weight":1},{"from":10,"to":19,"weight":1},{"from":19,"to":13,"weight":1},{"from":13,"to":10,"weight":1},{"from":19,"to":8,"weight":1},{"from":4,"to":8,"weight":1},{"from":8,"to":21,"weight":1},{"from":8,"to":1,"weight":1},{"from":1,"to":4,"weight":1},{"from":1,"to":18,"weight":1},{"from":21,"to":1,"weight":1},{"from":21,"to":19,"weight":1},{"from":21,"to":20,"weight":1},{"from":21,"to":14,"weight":1},{"from":14,"to":17,"weight":1},{"from":14,"to":20,"weight":1},{"from":20,"to":18,"weight":1},{"from":21,"to":18,"weight":1},{"from":25,"to":18,"weight":1},{"from":25,"to":14,"weight":1},{"from":20,"to":25,"weight":1},{"from":2,"to":24,"weight":1}],"directed":false,"weighted":false}
