{"nodes":[{"id":0,"label":"W","x":-98,"y":60},{"id":1,"label":"A","x":74,"y":86},{"id":2,"label":"H","x":37,"y":-32},{"id":3,"label":"U","x":-4,"y":40},{"id":4,"label":"G","x":-14,"y":157},{"id":5,"label":"F","x":185,"y":82},{"id":6,"label":"S","x":-44,"y":-66}],"edges":[{"from":0,"to":6,"weight":1},{"from":0,"to":4,"weight":1},{"from":5,"to":4,"weight":1},{"from":5,"to":1,"weight":1},{"from":5,"to":2,"weight":1},{"from":5,"to":3,"weight":1},{"from":3,"to":4,"weight":1},{"from":3,"to":1,"weight":1},{"from":3,"to":2,"weight":1}],"directed":false,"weighted":false}