{"nodes":[{"id":0,"label":"BAY","x":119,"y":199},{"id":1,"label":"NRW","x":-203,"y":-21},{"id":2,"label":"BW","x":-74,"y":200},{"id":3,"label":"SAA","x":46,"y":-43},{"id":4,"label":"BR","x":-105,"y":-149},{"id":5,"label":"SA","x":-199,"y":141},{"id":6,"label":"SH","x":-73,"y":-238},{"id":7,"label":"NIS","x":-60,"y":-120},{"id":8,"label":"BRA","x":91,"y":-134},{"id":9,"label":"HA","x":-46,"y":-187},{"id":10,"label":"SAC","x":118,"y":15},{"id":11,"label":"THÜ","x":4,"y":35},{"id":12,"label":"BER","x":127,"y":-98},{"id":13,"label":"RP","x":-174,"y":95},{"id":14,"label":"HE","x":-93,"y":47},{"id":15,"label":"MV","x":74,"y":-202}],"edges":[{"from":0,"to":2,"weight":1},{"from":0,"to":14,"weight":1},{"from":0,"to":11,"weight":1},{"from":0,"to":10,"weight":1},{"from":2,"to":14,"weight":1},{"from":2,"to":13,"weight":1},{"from":5,"to":13,"weight":1},{"from":14,"to":13,"weight":1},{"from":14,"to":1,"weight":1},{"from":14,"to":7,"weight":1},{"from":14,"to":11,"weight":1},{"from":11,"to":7,"weight":1},{"from":11,"to":3,"weight":1},{"from":11,"to":10,"weight":1},{"from":10,"to":8,"weight":1},{"from":10,"to":3,"weight":1},{"from":1,"to":7,"weight":1},{"from":1,"to":13,"weight":1},{"from":7,"to":4,"weight":1},{"from":7,"to":9,"weight":1},{"from":7,"to":6,"weight":1},{"from":7,"to":3,"weight":1},{"from":3,"to":8,"weight":1},{"from":8,"to":12,"weight":1},{"from":8,"to":7,"weight":1},{"from":8,"to":15,"weight":1},{"from":15,"to":7,"weight":1},{"from":15,"to":6,"weight":1},{"from":6,"to":9,"weight":1}],"directed":false,"weighted":false}