{"nodes":[{"id":0,"label":"BAY","x":119,"y":199},{"id":1,"label":"NRW","x":-203,"y":-21},{"id":2,"label":"BW","x":-74,"y":200},{"id":3,"label":"SAA","x":-37,"y":-86},{"id":4,"label":"BR","x":-145,"y":-197},{"id":5,"label":"SA","x":-211,"y":92},{"id":6,"label":"SH","x":-72,"y":-340},{"id":7,"label":"NIS","x":-126,"y":-105},{"id":8,"label":"BRA","x":70,"y":-130},{"id":9,"label":"HA","x":-54,"y":-235},{"id":10,"label":"SAC","x":81,"y":7},{"id":11,"label":"THÜ","x":4,"y":35},{"id":12,"label":"BER","x":114,"y":-203},{"id":13,"label":"RP","x":-160,"y":55},{"id":14,"label":"HE","x":-82,"y":70},{"id":15,"label":"MV","x":45,"y":-308}],"edges":[{"from":0,"to":2,"weight":1},{"from":0,"to":14,"weight":1},{"from":0,"to":11,"weight":1},{"from":0,"to":10,"weight":1},{"from":2,"to":14,"weight":1},{"from":2,"to":13,"weight":1},{"from":5,"to":13,"weight":1},{"from":14,"to":13,"weight":1},{"from":14,"to":1,"weight":1},{"from":14,"to":7,"weight":1},{"from":14,"to":11,"weight":1},{"from":11,"to":7,"weight":1},{"from":11,"to":3,"weight":1},{"from":11,"to":10,"weight":1},{"from":10,"to":8,"weight":1},{"from":10,"to":3,"weight":1},{"from":1,"to":7,"weight":1},{"from":1,"to":13,"weight":1},{"from":7,"to":4,"weight":1},{"from":7,"to":9,"weight":1},{"from":7,"to":6,"weight":1},{"from":7,"to":3,"weight":1},{"from":3,"to":8,"weight":1},{"from":8,"to":12,"weight":1},{"from":8,"to":7,"weight":1},{"from":8,"to":15,"weight":1},{"from":15,"to":7,"weight":1},{"from":15,"to":6,"weight":1},{"from":6,"to":9,"weight":1}],"directed":false,"weighted":false}