{"nodes":[{"id":0,"label":"A","x":-118,"y":-89},{"id":1,"label":"B","x":-118,"y":35},{"id":2,"label":"C","x":4,"y":-88},{"id":3,"label":"D","x":4,"y":32},{"id":4,"label":"E","x":134,"y":83},{"id":5,"label":"F","x":132,"y":-27},{"id":6,"label":"G","x":125,"y":-170}],"edges":[{"from":0,"to":1,"weight":1},{"from":0,"to":2,"weight":1},{"from":0,"to":3,"weight":1},{"from":1,"to":2,"weight":1},{"from":1,"to":3,"weight":1},{"from":2,"to":3,"weight":1},{"from":2,"to":5,"weight":1},{"from":3,"to":5,"weight":1},{"from":4,"to":3,"weight":1},{"from":5,"to":6,"weight":1}],"directed":false,"weighted":false}