{"nodes":[{"id":0,"label":"A","x":-383,"y":-176},{"id":1,"label":"B","x":-246,"y":-177},{"id":2,"label":"C","x":-174,"y":-257},{"id":3,"label":"D","x":-95,"y":-177},{"id":4,"label":"E","x":42,"y":-184},{"id":5,"label":"F","x":-386,"y":-56},{"id":6,"label":"G","x":-243,"y":-77},{"id":7,"label":"H","x":-94,"y":-74},{"id":8,"label":"I","x":47,"y":-55}],"edges":[{"from":0,"to":2,"weight":1},{"from":1,"to":2,"weight":1},{"from":3,"to":2,"weight":1},{"from":4,"to":2,"weight":1},{"from":0,"to":1,"weight":1},{"from":3,"to":4,"weight":1},{"from":0,"to":6,"weight":1},{"from":0,"to":7,"weight":1},{"from":0,"to":8,"weight":1},{"from":4,"to":7,"weight":1},{"from":4,"to":6,"weight":1},{"from":4,"to":5,"weight":1},{"from":5,"to":1,"weight":1},{"from":1,"to":8,"weight":1},{"from":8,"to":3,"weight":1},{"from":3,"to":5,"weight":1},{"from":5,"to":6,"weight":1},{"from":6,"to":7,"weight":1},{"from":7,"to":8,"weight":1},{"from":1,"to":6,"weight":1},{"from":3,"to":7,"weight":1},{"from":5,"to":8,"weight":1}],"directed":false,"weighted":false}