{"nodes":[{"id":0,"label":"A","x":-292,"y":194},{"id":1,"label":"B","x":-196,"y":191},{"id":2,"label":"C","x":-295,"y":101},{"id":3,"label":"D","x":-199,"y":100},{"id":4,"label":"E","x":-292,"y":-2},{"id":5,"label":"F","x":-98,"y":193},{"id":6,"label":"G","x":32,"y":196},{"id":7,"label":"H","x":124,"y":198},{"id":8,"label":"I","x":-5,"y":99},{"id":9,"label":"J","x":123,"y":98},{"id":10,"label":"K","x":-102,"y":94},{"id":11,"label":"L","x":-188,"y":-2},{"id":12,"label":"M","x":-97,"y":-1},{"id":13,"label":"N","x":-3,"y":1},{"id":14,"label":"O","x":-99,"y":-99},{"id":15,"label":"P","x":95,"y":4},{"id":16,"label":"Q","x":0,"y":-101},{"id":17,"label":"R","x":90,"y":-97},{"id":18,"label":"S","x":3,"y":-198},{"id":19,"label":"T","x":94,"y":-197},{"id":20,"label":"U","x":-322,"y":-98},{"id":21,"label":"V","x":-198,"y":-93},{"id":22,"label":"W","x":-323,"y":-198},{"id":23,"label":"X","x":-227,"y":-199},{"id":24,"label":"Y","x":-100,"y":-191}],"edges":[{"from":0,"to":1,"weight":1},{"from":0,"to":3,"weight":1},{"from":0,"to":2,"weight":1},{"from":0,"to":4,"weight":1},{"from":1,"to":2,"weight":1},{"from":1,"to":3,"weight":1},{"from":1,"to":4,"weight":1},{"from":2,"to":3,"weight":1},{"from":2,"to":4,"weight":1},{"from":3,"to":4,"weight":1},{"from":5,"to":6,"weight":1},{"from":5,"to":7,"weight":1},{"from":5,"to":9,"weight":1},{"from":5,"to":8,"weight":1},{"from":6,"to":7,"weight":1},{"from":6,"to":9,"weight":1},{"from":6,"to":8,"weight":1},{"from":7,"to":9,"weight":1},{"from":7,"to":8,"weight":1},{"from":9,"to":8,"weight":1},{"from":10,"to":13,"weight":1},{"from":10,"to":12,"weight":1},{"from":10,"to":11,"weight":1},{"from":10,"to":14,"weight":1},{"from":13,"to":14,"weight":1},{"from":13,"to":12,"weight":1},{"from":13,"to":11,"weight":1},{"from":12,"to":14,"weight":1},{"from":12,"to":11,"weight":1},{"from":11,"to":14,"weight":1},{"from":15,"to":17,"weight":1},{"from":15,"to":19,"weight":1},{"from":15,"to":16,"weight":1},{"from":15,"to":18,"weight":1},{"from":17,"to":16,"weight":1},{"from":17,"to":19,"weight":1},{"from":17,"to":18,"weight":1},{"from":16,"to":19,"weight":1},{"from":16,"to":18,"weight":1},{"from":19,"to":18,"weight":1},{"from":20,"to":21,"weight":1},{"from":20,"to":24,"weight":1},{"from":20,"to":23,"weight":1},{"from":20,"to":22,"weight":1},{"from":21,"to":22,"weight":1},{"from":21,"to":23,"weight":1},{"from":21,"to":24,"weight":1},{"from":24,"to":23,"weight":1},{"from":24,"to":22,"weight":1},{"from":23,"to":22,"weight":1},{"from":0,"to":5,"weight":1},{"from":0,"to":6,"weight":1},{"from":0,"to":7,"weight":1},{"from":1,"to":5,"weight":1},{"from":1,"to":6,"weight":1},{"from":1,"to":7,"weight":1},{"from":2,"to":10,"weight":1},{"from":2,"to":8,"weight":1},{"from":2,"to":9,"weight":1},{"from":3,"to":10,"weight":1},{"from":3,"to":8,"weight":1},{"from":3,"to":9,"weight":1},{"from":10,"to":8,"weight":1},{"from":10,"to":9,"weight":1},{"from":4,"to":11,"weight":1},{"from":4,"to":12,"weight":1},{"from":4,"to":13,"weight":1},{"from":4,"to":15,"weight":1},{"from":15,"to":13,"weight":1},{"from":15,"to":12,"weight":1},{"from":15,"to":11,"weight":1},{"from":20,"to":14,"weight":1},{"from":20,"to":16,"weight":1},{"from":20,"to":17,"weight":1},{"from":21,"to":14,"weight":1},{"from":21,"to":16,"weight":1},{"from":21,"to":17,"weight":1},{"from":14,"to":16,"weight":1},{"from":14,"to":17,"weight":1},{"from":18,"to":24,"weight":1},{"from":18,"to":23,"weight":1},{"from":18,"to":22,"weight":1},{"from":19,"to":24,"weight":1},{"from":19,"to":23,"weight":1},{"from":19,"to":22,"weight":1},{"from":22,"to":4,"weight":1},{"from":22,"to":2,"weight":1},{"from":22,"to":0,"weight":1},{"from":20,"to":4,"weight":1},{"from":20,"to":2,"weight":1},{"from":20,"to":0,"weight":1},{"from":23,"to":11,"weight":1},{"from":23,"to":3,"weight":1},{"from":23,"to":1,"weight":1},{"from":21,"to":11,"weight":1},{"from":21,"to":3,"weight":1},{"from":21,"to":1,"weight":1},{"from":11,"to":3,"weight":1},{"from":11,"to":1,"weight":1},{"from":24,"to":14,"weight":1},{"from":24,"to":12,"weight":1},{"from":24,"to":10,"weight":1},{"from":24,"to":5,"weight":1},{"from":14,"to":5,"weight":1},{"from":12,"to":5,"weight":1},{"from":10,"to":5,"weight":1},{"from":18,"to":13,"weight":1},{"from":18,"to":8,"weight":1},{"from":18,"to":6,"weight":1},{"from":16,"to":13,"weight":1},{"from":16,"to":8,"weight":1},{"from":16,"to":6,"weight":1},{"from":13,"to":8,"weight":1},{"from":13,"to":6,"weight":1},{"from":9,"to":15,"weight":1},{"from":9,"to":17,"weight":1},{"from":9,"to":19,"weight":1},{"from":7,"to":15,"weight":1},{"from":7,"to":17,"weight":1},{"from":7,"to":19,"weight":1}],"directed":false,"weighted":false}