{"nodes":[{"id":0,"label":"A","x":-148,"y":-89,"color":null},{"id":1,"label":"C","x":-53,"y":-87,"color":null},{"id":2,"label":"E","x":37,"y":-88,"color":null},{"id":3,"label":"G","x":127,"y":-89,"color":null},{"id":4,"label":"B","x":-148,"y":-4,"color":null},{"id":5,"label":"D","x":-54,"y":-4,"color":null},{"id":6,"label":"F","x":36,"y":-5,"color":null},{"id":7,"label":"H","x":127,"y":-5,"color":null},{"id":8,"label":"I","x":210,"y":-89},{"id":9,"label":"J","x":212,"y":-4},{"id":10,"label":"K","x":295,"y":-89},{"id":11,"label":"L","x":296,"y":-5}],"edges":[{"from":0,"to":5,"weight":1},{"from":0,"to":6,"weight":1},{"from":0,"to":7,"weight":1},{"from":1,"to":4,"weight":1},{"from":1,"to":6,"weight":1},{"from":1,"to":7,"weight":1},{"from":2,"to":4,"weight":1},{"from":2,"to":5,"weight":1},{"from":2,"to":7,"weight":1},{"from":3,"to":6,"weight":1},{"from":3,"to":5,"weight":1},{"from":3,"to":4,"weight":1},{"from":0,"to":9,"weight":1},{"from":0,"to":11,"weight":1},{"from":1,"to":9,"weight":1},{"from":1,"to":11,"weight":1},{"from":2,"to":9,"weight":1},{"from":2,"to":11,"weight":1},{"from":3,"to":9,"weight":1},{"from":3,"to":11,"weight":1},{"from":8,"to":4,"weight":1},{"from":8,"to":5,"weight":1},{"from":8,"to":6,"weight":1},{"from":8,"to":7,"weight":1},{"from":8,"to":11,"weight":1},{"from":10,"to":4,"weight":1},{"from":10,"to":5,"weight":1},{"from":10,"to":6,"weight":1},{"from":10,"to":7,"weight":1},{"from":10,"to":9,"weight":1}],"directed":false,"weighted":false}