{"nodes":[{"id":0,"label":"A","x":-275,"y":-175},{"id":1,"label":"B","x":-160,"y":-175},{"id":2,"label":"C","x":-275,"y":-60},{"id":3,"label":"D","x":-160,"y":-60},{"id":4,"label":"E","x":-40,"y":-175},{"id":5,"label":"F","x":75,"y":-175},{"id":6,"label":"G","x":-40,"y":-60},{"id":7,"label":"H","x":75,"y":-60},{"id":8,"label":"I","x":-275,"y":65},{"id":9,"label":"J","x":-160,"y":65},{"id":10,"label":"K","x":-275,"y":180},{"id":11,"label":"L","x":-160,"y":180},{"id":12,"label":"M","x":-40,"y":65},{"id":13,"label":"N","x":75,"y":65},{"id":14,"label":"O","x":-40,"y":180},{"id":15,"label":"P","x":75,"y":180}],"edges":[{"from":0,"to":1,"weight":1},{"from":0,"to":3,"weight":1},{"from":0,"to":2,"weight":1},{"from":1,"to":2,"weight":1},{"from":1,"to":3,"weight":1},{"from":3,"to":2,"weight":1},{"from":4,"to":6,"weight":1},{"from":6,"to":7,"weight":1},{"from":7,"to":5,"weight":1},{"from":5,"to":4,"weight":1},{"from":4,"to":7,"weight":1},{"from":5,"to":6,"weight":1},{"from":8,"to":10,"weight":1},{"from":10,"to":11,"weight":1},{"from":11,"to":9,"weight":1},{"from":9,"to":8,"weight":1},{"from":8,"to":11,"weight":1},{"from":10,"to":9,"weight":1},{"from":12,"to":14,"weight":1},{"from":14,"to":15,"weight":1},{"from":15,"to":13,"weight":1},{"from":13,"to":12,"weight":1},{"from":12,"to":15,"weight":1},{"from":14,"to":13,"weight":1},{"from":0,"to":8,"weight":1},{"from":0,"to":10,"weight":1},{"from":2,"to":8,"weight":1},{"from":2,"to":10,"weight":1},{"from":1,"to":9,"weight":1},{"from":1,"to":11,"weight":1},{"from":3,"to":9,"weight":1},{"from":3,"to":11,"weight":1},{"from":4,"to":12,"weight":1},{"from":4,"to":14,"weight":1},{"from":6,"to":12,"weight":1},{"from":6,"to":14,"weight":1},{"from":5,"to":13,"weight":1},{"from":5,"to":15,"weight":1},{"from":7,"to":13,"weight":1},{"from":7,"to":15,"weight":1},{"from":0,"to":4,"weight":1},{"from":0,"to":5,"weight":1},{"from":1,"to":4,"weight":1},{"from":1,"to":5,"weight":1},{"from":2,"to":6,"weight":1},{"from":2,"to":7,"weight":1},{"from":3,"to":6,"weight":1},{"from":3,"to":7,"weight":1},{"from":8,"to":12,"weight":1},{"from":8,"to":13,"weight":1},{"from":9,"to":12,"weight":1},{"from":9,"to":13,"weight":1},{"from":10,"to":14,"weight":1},{"from":10,"to":15,"weight":1},{"from":11,"to":14,"weight":1},{"from":11,"to":15,"weight":1}],"directed":false,"weighted":false}
