{"nodes":[{"id":0,"label":"A","x":-293,"y":-186,"color":null},{"id":1,"label":"B","x":-99,"y":-121,"color":null},{"id":2,"label":"C","x":85,"y":-181,"color":null},{"id":3,"label":"D","x":-221,"y":1,"color":null},{"id":4,"label":"E","x":-120,"y":-19,"color":null},{"id":5,"label":"F","x":28,"y":-1,"color":null},{"id":6,"label":"G","x":-295,"y":177,"color":null},{"id":7,"label":"H","x":-100,"y":111,"color":null},{"id":8,"label":"I","x":85,"y":183,"color":null}],"edges":[{"from":0,"to":1,"weight":1},{"from":0,"to":2,"weight":1},{"from":1,"to":2,"weight":1},{"from":3,"to":4,"weight":1},{"from":4,"to":5,"weight":1},{"from":5,"to":3,"weight":1},{"from":6,"to":7,"weight":1},{"from":7,"to":8,"weight":1},{"from":8,"to":6,"weight":1},{"from":0,"to":3,"weight":1},{"from":3,"to":6,"weight":1},{"from":6,"to":0,"weight":1},{"from":1,"to":4,"weight":1},{"from":4,"to":7,"weight":1},{"from":7,"to":1,"weight":1},{"from":2,"to":5,"weight":1},{"from":5,"to":8,"weight":1},{"from":8,"to":2,"weight":1}],"directed":false,"weighted":false}
